{
  "name" : "Ehab Yasser Al Kerm",
  "id" : "ehabyasser",
  "userPassword" : "ehab",
  "sentEmailsIds" : [ "XF6ZPew5EyONumw", "90N8aLXcb2c196Y", "U794VeB1nmQiCqQ", "PFwklaaBhVpViPA", "NKlNn4qGHGphoeZ", "QMjlV0k4OhbMDLG", "NDUVMyrUICAc9F8" ],
  "receivedEmailsIds" : [ "g6UunN0waqBz9mW", "OcWlpG7NbldGGkt", "fF8bBN82eqOD9VN", "v741S4CYEQpo6qt", "sGu2Ft0Hl71Ugv2", "GM2jITo5QSjgb5r", "NEOZoPwXYrtL1ji", "asS8hs2vCngrNmM", "eew6WDqprE0EY0C", "WgX1krqgShAYVNS" ],
  "trashEmailsIds" : [ ],
  "draftEmailsIds" : [ ],
  "contacts" : { }
}