{
  "name" : "gfhgf",
  "id" : "ehabyasser77",
  "userPassword" : "ghjgj",
  "sentEmailsIds" : [ ],
  "receivedEmailsIds" : [ "2slJCMkS7lBzuq9", "wT8MkXSED65Buwl", "MndfjSrEPmepaR2", "OuVJIYHAnsDUCfH", "hoXzcqkv2TA7WGQ", "9fyyS0NktohXHdN", "ViN9Dti1fv6ok7G", "s2DRZQU5IA3BsDn", "4OiRubPVGhaHIA6", "e9AWmVVG30wT95D", "2Ta15BvACK6T2Q5", "lwMF9WrD8oNC7QZ", "AVRFEdmGBRWkzmV", "fjzkH1pPejCUWIO", "XF6ZPew5EyONumw", "90N8aLXcb2c196Y", "U794VeB1nmQiCqQ", "PFwklaaBhVpViPA", "NKlNn4qGHGphoeZ", "QMjlV0k4OhbMDLG", "NDUVMyrUICAc9F8", "v741S4CYEQpo6qt", "sGu2Ft0Hl71Ugv2", "GM2jITo5QSjgb5r", "NEOZoPwXYrtL1ji", "asS8hs2vCngrNmM", "eew6WDqprE0EY0C", "WgX1krqgShAYVNS" ],
  "trashEmailsIds" : [ ],
  "draftEmailsIds" : [ ],
  "contacts" : { }
}