{
  "ViN9Dti1fv6ok7G" : {
    "id" : "ViN9Dti1fv6ok7G",
    "emailBody" : "Hello this is aha incorporated. We are emailing you to inform you that ur ass will be beaten the fuck out in approximately 0.000000000000099999 years. I hope our service is to your liking, we do everything to appease our customers ;). Have a nice day",
    "date" : 26122022,
    "sender" : "ehabyasser",
    "receivers" : [ "ehabyasser145", "ehabyasser14", "ehabyasser77" ],
    "subject" : "Wawaaaa",
    "attachments_IDS" : [ "nothing" ],
    "counter" : "\u0000",
    "read" : false
  },
  "lwMF9WrD8oNC7QZ" : {
    "id" : "lwMF9WrD8oNC7QZ",
    "emailBody" : "Hello this is aha incorporated. We are emailing you to inform you that ur ass will be beaten the fuck out in approximately 0.000000000000099999 years. I hope our service is to your liking, we do everything to appease our customers ;). Have a nice day",
    "date" : 26122022,
    "sender" : "ehabyasser",
    "receivers" : [ "ehabyasser145", "ehabyasser14", "ehabyasser77" ],
    "subject" : "Wawaaaa",
    "attachments_IDS" : [ "nothing" ],
    "counter" : "\u0000",
    "read" : false
  },
  "s2DRZQU5IA3BsDn" : {
    "id" : "s2DRZQU5IA3BsDn",
    "emailBody" : "Hello this is aha incorporated. We are emailing you to inform you that ur ass will be beaten the fuck out in approximately 0.000000000000099999 years. I hope our service is to your liking, we do everything to appease our customers ;). Have a nice day",
    "date" : 26122022,
    "sender" : "ehabyasser",
    "receivers" : [ "ehabyasser145", "ehabyasser14", "ehabyasser77" ],
    "subject" : "Wawaaaa",
    "attachments_IDS" : [ "nothing" ],
    "counter" : "\u0000",
    "read" : false
  },
  "PFwklaaBhVpViPA" : {
    "id" : "PFwklaaBhVpViPA",
    "emailBody" : "Hello this is aha incorporated. We are emailing you to inform you that ur ass will be beaten the fuck out in approximately 0.000000000000099999 years. I hope our service is to your liking, we do everything to appease our customers ;). Have a nice day",
    "date" : 26122022,
    "sender" : "ehabyasser",
    "receivers" : [ "ehabyasser145", "ehabyasser14", "ehabyasser77" ],
    "subject" : "Wawaaaa",
    "attachments_IDS" : [ "nothing" ],
    "counter" : "\u0000",
    "read" : false
  },
  "WgX1krqgShAYVNS" : {
    "id" : "WgX1krqgShAYVNS",
    "emailBody" : "Hello this is aha incorporated. We are emailing you to inform you that ur ass will be beaten the fuck out in approximately 0.000000000000099999 years. I hope our service is to your liking, we do everything to appease our customers ;). Have a nice day",
    "date" : 26122022,
    "sender" : "ehabyasser700",
    "receivers" : [ "ehabyasser145", "ehabyasser", "ehabyasser77" ],
    "subject" : "Wawaaaa",
    "attachments_IDS" : [ "nothing" ],
    "counter" : "\u0000",
    "read" : false
  },
  "2Ta15BvACK6T2Q5" : {
    "id" : "2Ta15BvACK6T2Q5",
    "emailBody" : "Hello this is aha incorporated. We are emailing you to inform you that ur ass will be beaten the fuck out in approximately 0.000000000000099999 years. I hope our service is to your liking, we do everything to appease our customers ;). Have a nice day",
    "date" : 26122022,
    "sender" : "ehabyasser",
    "receivers" : [ "ehabyasser145", "ehabyasser14", "ehabyasser77" ],
    "subject" : "Wawaaaa",
    "attachments_IDS" : [ "nothing" ],
    "counter" : "\u0000",
    "read" : false
  },
  "QMjlV0k4OhbMDLG" : {
    "id" : "QMjlV0k4OhbMDLG",
    "emailBody" : "Hello this is aha incorporated. We are emailing you to inform you that ur ass will be beaten the fuck out in approximately 0.000000000000099999 years. I hope our service is to your liking, we do everything to appease our customers ;). Have a nice day",
    "date" : 26122022,
    "sender" : "ehabyasser",
    "receivers" : [ "ehabyasser145", "ehabyasser14", "ehabyasser77" ],
    "subject" : "Wawaaaa",
    "attachments_IDS" : [ "nothing" ],
    "counter" : "\u0000",
    "read" : false
  },
  "sGu2Ft0Hl71Ugv2" : {
    "id" : "sGu2Ft0Hl71Ugv2",
    "emailBody" : "Hello this is aha incorporated. We are emailing you to inform you that ur ass will be beaten the fuck out in approximately 0.000000000000099999 years. I hope our service is to your liking, we do everything to appease our customers ;). Have a nice day",
    "date" : 26122022,
    "sender" : "ehabyasser14",
    "receivers" : [ "ehabyasser145", "ehabyasser", "ehabyasser77" ],
    "subject" : "Wawaaaa",
    "attachments_IDS" : [ "nothing" ],
    "counter" : "\u0000",
    "read" : false
  },
  "OcWlpG7NbldGGkt" : {
    "id" : "OcWlpG7NbldGGkt",
    "emailBody" : "helllo",
    "date" : 10202020,
    "sender" : "Marwan",
    "receivers" : [ "Mkario" ],
    "subject" : "myasshole",
    "attachments_IDS" : [ "e/qkO?1Skd", "e/qkO?hjkh" ],
    "counter" : "\u0000",
    "read" : false
  },
  "U794VeB1nmQiCqQ" : {
    "id" : "U794VeB1nmQiCqQ",
    "emailBody" : "Hello this is aha incorporated. We are emailing you to inform you that ur ass will be beaten the fuck out in approximately 0.000000000000099999 years. I hope our service is to your liking, we do everything to appease our customers ;). Have a nice day",
    "date" : 26122022,
    "sender" : "ehabyasser",
    "receivers" : [ "ehabyasser145", "ehabyasser14", "ehabyasser77" ],
    "subject" : "Wawaaaa",
    "attachments_IDS" : [ "nothing" ],
    "counter" : "\u0000",
    "read" : false
  },
  "asS8hs2vCngrNmM" : {
    "id" : "asS8hs2vCngrNmM",
    "emailBody" : "Hello this is aha incorporated. We are emailing you to inform you that ur ass will be beaten the fuck out in approximately 0.000000000000099999 years. I hope our service is to your liking, we do everything to appease our customers ;). Have a nice day",
    "date" : 26122022,
    "sender" : "ehabyasser14",
    "receivers" : [ "ehabyasser145", "ehabyasser", "ehabyasser77" ],
    "subject" : "Wawaaaa",
    "attachments_IDS" : [ "nothing" ],
    "counter" : "\u0000",
    "read" : false
  },
  "pQ16akEg1GnciRf" : {
    "id" : "pQ16akEg1GnciRf",
    "emailBody" : "Hello this is aha incorporated. We are emailing you to inform you that ur ass will be beaten the fuck out in approximately 0.000000000000099999 years. I hope our service is to your liking, we do everything to appease our customers ;). Have a nice day",
    "date" : 26122022,
    "sender" : "ehabyasser700",
    "receivers" : [ "ehabyasser145", "ehabyasser", "ehabyasser77" ],
    "subject" : "Wawaaaa",
    "attachments_IDS" : [ "nothing" ],
    "counter" : "\u0000",
    "read" : false
  },
  "eew6WDqprE0EY0C" : {
    "id" : "eew6WDqprE0EY0C",
    "emailBody" : "Hello this is aha incorporated. We are emailing you to inform you that ur ass will be beaten the fuck out in approximately 0.000000000000099999 years. I hope our service is to your liking, we do everything to appease our customers ;). Have a nice day",
    "date" : 26122022,
    "sender" : "ehabyasser14",
    "receivers" : [ "ehabyasser145", "ehabyasser", "ehabyasser77" ],
    "subject" : "Wawaaaa",
    "attachments_IDS" : [ "nothing" ],
    "counter" : "\u0000",
    "read" : false
  },
  "g6UunN0waqBz9mW" : {
    "id" : "g6UunN0waqBz9mW",
    "emailBody" : "bye",
    "date" : 10202020,
    "sender" : "Marwan",
    "receivers" : [ "Ehab" ],
    "subject" : "myasshole",
    "attachments_IDS" : [ "e/qkO?1Skd", "e/qkO?hjkh" ],
    "counter" : "\u0000",
    "read" : false
  },
  "OuVJIYHAnsDUCfH" : {
    "id" : "OuVJIYHAnsDUCfH",
    "emailBody" : "Hello this is aha incorporated. We are emailing you to inform you that ur ass will be beaten the fuck out in approximately 0.000000000000099999 years. I hope our service is to your liking, we do everything to appease our customers ;). Have a nice day",
    "date" : 26122022,
    "sender" : "ehabyasser",
    "receivers" : [ "ehabyasser145", "ehabyasser14", "ehabyasser77" ],
    "subject" : "Wawaaaa",
    "attachments_IDS" : [ "nothing" ],
    "counter" : "\u0000",
    "read" : false
  },
  "9fyyS0NktohXHdN" : {
    "id" : "9fyyS0NktohXHdN",
    "emailBody" : "Hello this is aha incorporated. We are emailing you to inform you that ur ass will be beaten the fuck out in approximately 0.000000000000099999 years. I hope our service is to your liking, we do everything to appease our customers ;). Have a nice day",
    "date" : 26122022,
    "sender" : "ehabyasser",
    "receivers" : [ "ehabyasser145", "ehabyasser14", "ehabyasser77" ],
    "subject" : "Wawaaaa",
    "attachments_IDS" : [ "nothing" ],
    "counter" : "\u0000",
    "read" : false
  },
  "90N8aLXcb2c196Y" : {
    "id" : "90N8aLXcb2c196Y",
    "emailBody" : "Hello this is aha incorporated. We are emailing you to inform you that ur ass will be beaten the fuck out in approximately 0.000000000000099999 years. I hope our service is to your liking, we do everything to appease our customers ;). Have a nice day",
    "date" : 26122022,
    "sender" : "ehabyasser",
    "receivers" : [ "ehabyasser145", "ehabyasser14", "ehabyasser77" ],
    "subject" : "Wawaaaa",
    "attachments_IDS" : [ "nothing" ],
    "counter" : "\u0000",
    "read" : false
  },
  "GM2jITo5QSjgb5r" : {
    "id" : "GM2jITo5QSjgb5r",
    "emailBody" : "Hello this is aha incorporated. We are emailing you to inform you that ur ass will be beaten the fuck out in approximately 0.000000000000099999 years. I hope our service is to your liking, we do everything to appease our customers ;). Have a nice day",
    "date" : 26122022,
    "sender" : "ehabyasser14",
    "receivers" : [ "ehabyasser145", "ehabyasser", "ehabyasser77" ],
    "subject" : "Wawaaaa",
    "attachments_IDS" : [ "nothing" ],
    "counter" : "\u0000",
    "read" : false
  },
  "4OiRubPVGhaHIA6" : {
    "id" : "4OiRubPVGhaHIA6",
    "emailBody" : "Hello this is aha incorporated. We are emailing you to inform you that ur ass will be beaten the fuck out in approximately 0.000000000000099999 years. I hope our service is to your liking, we do everything to appease our customers ;). Have a nice day",
    "date" : 26122022,
    "sender" : "ehabyasser",
    "receivers" : [ "ehabyasser145", "ehabyasser14", "ehabyasser77" ],
    "subject" : "Wawaaaa",
    "attachments_IDS" : [ "nothing" ],
    "counter" : "\u0000",
    "read" : false
  },
  "NDUVMyrUICAc9F8" : {
    "id" : "NDUVMyrUICAc9F8",
    "emailBody" : "Hello this is aha incorporated. We are emailing you to inform you that ur ass will be beaten the fuck out in approximately 0.000000000000099999 years. I hope our service is to your liking, we do everything to appease our customers ;). Have a nice day",
    "date" : 26122022,
    "sender" : "ehabyasser",
    "receivers" : [ "ehabyasser145", "ehabyasser14", "ehabyasser77" ],
    "subject" : "Wawaaaa",
    "attachments_IDS" : [ "nothing" ],
    "counter" : "\u0000",
    "read" : false
  },
  "NKlNn4qGHGphoeZ" : {
    "id" : "NKlNn4qGHGphoeZ",
    "emailBody" : "Hello this is aha incorporated. We are emailing you to inform you that ur ass will be beaten the fuck out in approximately 0.000000000000099999 years. I hope our service is to your liking, we do everything to appease our customers ;). Have a nice day",
    "date" : 26122022,
    "sender" : "ehabyasser",
    "receivers" : [ "ehabyasser145", "ehabyasser14", "ehabyasser77" ],
    "subject" : "Wawaaaa",
    "attachments_IDS" : [ "nothing" ],
    "counter" : "\u0000",
    "read" : false
  },
  "fF8bBN82eqOD9VN" : {
    "id" : "fF8bBN82eqOD9VN",
    "emailBody" : "HIIIIIIII",
    "date" : 10202020,
    "sender" : "Marwan",
    "receivers" : [ "Islam" ],
    "subject" : "myasshole",
    "attachments_IDS" : [ "e/qkO?1Skd", "e/qkO?hjkh" ],
    "counter" : "\u0000",
    "read" : false
  },
  "e9AWmVVG30wT95D" : {
    "id" : "e9AWmVVG30wT95D",
    "emailBody" : "Hello this is aha incorporated. We are emailing you to inform you that ur ass will be beaten the fuck out in approximately 0.000000000000099999 years. I hope our service is to your liking, we do everything to appease our customers ;). Have a nice day",
    "date" : 26122022,
    "sender" : "ehabyasser",
    "receivers" : [ "ehabyasser145", "ehabyasser14", "ehabyasser77" ],
    "subject" : "Wawaaaa",
    "attachments_IDS" : [ "nothing" ],
    "counter" : "\u0000",
    "read" : false
  },
  "XF6ZPew5EyONumw" : {
    "id" : "XF6ZPew5EyONumw",
    "emailBody" : "Hello this is aha incorporated. We are emailing you to inform you that ur ass will be beaten the fuck out in approximately 0.000000000000099999 years. I hope our service is to your liking, we do everything to appease our customers ;). Have a nice day",
    "date" : 26122022,
    "sender" : "ehabyasser",
    "receivers" : [ "ehabyasser145", "ehabyasser14", "ehabyasser77" ],
    "subject" : "Wawaaaa",
    "attachments_IDS" : [ "nothing" ],
    "counter" : "\u0000",
    "read" : false
  },
  "NEOZoPwXYrtL1ji" : {
    "id" : "NEOZoPwXYrtL1ji",
    "emailBody" : "Hello this is aha incorporated. We are emailing you to inform you that ur ass will be beaten the fuck out in approximately 0.000000000000099999 years. I hope our service is to your liking, we do everything to appease our customers ;). Have a nice day",
    "date" : 26122022,
    "sender" : "ehabyasser14",
    "receivers" : [ "ehabyasser145", "ehabyasser", "ehabyasser77" ],
    "subject" : "Wawaaaa",
    "attachments_IDS" : [ "nothing" ],
    "counter" : "\u0000",
    "read" : false
  },
  "v741S4CYEQpo6qt" : {
    "id" : "v741S4CYEQpo6qt",
    "emailBody" : "Hello this is aha incorporated. We are emailing you to inform you that ur ass will be beaten the fuck out in approximately 0.000000000000099999 years. I hope our service is to your liking, we do everything to appease our customers ;). Have a nice day",
    "date" : 26122022,
    "sender" : "ehabyasser14",
    "receivers" : [ "ehabyasser145", "ehabyasser", "ehabyasser77" ],
    "subject" : "Wawaaaa",
    "attachments_IDS" : [ "nothing" ],
    "counter" : "\u0000",
    "read" : false
  },
  "hoXzcqkv2TA7WGQ" : {
    "id" : "hoXzcqkv2TA7WGQ",
    "emailBody" : "Hello this is aha incorporated. We are emailing you to inform you that ur ass will be beaten the fuck out in approximately 0.000000000000099999 years. I hope our service is to your liking, we do everything to appease our customers ;). Have a nice day",
    "date" : 26122022,
    "sender" : "ehabyasser",
    "receivers" : [ "ehabyasser145", "ehabyasser14", "ehabyasser77" ],
    "subject" : "Wawaaaa",
    "attachments_IDS" : [ "nothing" ],
    "counter" : "\u0000",
    "read" : false
  },
  "MndfjSrEPmepaR2" : {
    "id" : "MndfjSrEPmepaR2",
    "emailBody" : "Hello this is aha incorporated. We are emailing you to inform you that ur ass will be beaten the fuck out in approximately 0.000000000000099999 years. I hope our service is to your liking, we do everything to appease our customers ;). Have a nice day",
    "date" : 26122022,
    "sender" : "ehabyasser",
    "receivers" : [ "ehabyasser145", "ehabyasser14", "ehabyasser77" ],
    "subject" : "Wawaaaa",
    "attachments_IDS" : [ "nothing" ],
    "counter" : "\u0000",
    "read" : false
  }
}