{
  "RhahIYg74vbiEDV" : {
    "id" : "RhahIYg74vbiEDV",
    "emailBody" : "mt2rfne4 ma4y??????     ana 2olt l2 5las fokk",
    "date" : 20230102,
    "sender" : "ehabyasser5",
    "receivers" : [ "ehabyasser" ],
    "subject" : "ehab",
    "attachments_IDS" : null,
    "priority" : 2,
    "counter" : "\u0000",
    "read" : false
  },
  "RmtKlanAksNNAEn" : {
    "id" : "RmtKlanAksNNAEn",
    "emailBody" : "yabny ana 3ayzhooooooooooooooooooooooooooooooooooooooooooooooooooooooom\nmynd34 el hbl da m4 w2to bgd \nengzzzzzzzzzzzzzzzzzzzzzzzzzzzzzzzzzzzz!!!!!!!!!!!!!!!!!!!!",
    "date" : 20230102,
    "sender" : "ehabyasser",
    "receivers" : [ "ehabyasser5" ],
    "subject" : "ehaaaaaab",
    "attachments_IDS" : null,
    "priority" : 1,
    "counter" : "\u0000",
    "read" : false
  },
  "L7GR3Gf3sr8U4Te" : {
    "id" : "L7GR3Gf3sr8U4Te",
    "emailBody" : "Ehab Yasser Mahmoud Mohamed",
    "date" : 20230102,
    "sender" : "ehabyasser",
    "receivers" : [ "ehabyasser5" ],
    "subject" : "Ehaaaaaaaaab",
    "attachments_IDS" : null,
    "priority" : 3,
    "counter" : "\u0000",
    "read" : false
  },
  "52G85GpZULrFePD" : {
    "id" : "52G85GpZULrFePD",
    "emailBody" : "yabny l2 faks m4 lazm y3ny dlw2ty 5leha kman 4wya",
    "date" : 20230102,
    "sender" : "ehabyasser5",
    "receivers" : [ "ehabyasser" ],
    "subject" : "ehaaaaaaaaaaab",
    "attachments_IDS" : null,
    "priority" : 1,
    "counter" : "\u0000",
    "read" : false
  },
  "fkRT0wVC8zjGAP1" : {
    "id" : "fkRT0wVC8zjGAP1",
    "emailBody" : "fghgfhhhhhhhhhhhhhhhhhhhh",
    "date" : 20230102,
    "sender" : "ehabyasser",
    "receivers" : [ "ehabyasser5" ],
    "subject" : "ehab",
    "attachments_IDS" : null,
    "priority" : 4,
    "counter" : "\u0000",
    "read" : false
  }
}